{"cameraMode":{"drawMode":0,"name":"Shaded","section":"Shading Mode"},"sceneLighting":false,"audioPlay":false,"sceneViewState":{"showFog":true,"showMaterialUpdate":true,"showSkybox":false,"showFlares":true,"showImageEffects":true,"showParticleSystems":true},"in2DMode":false,"pivot":{"x":-0.34999996423721316,"y":0.5,"z":3.1600000858306886},"rotation":{"x":-0.48845380544662478,"y":0.000519964552950114,"z":-0.00029394039302133024,"w":-0.8726022839546204},"size":0.25981059670448305,"orthographic":false}