{"cameraMode":{"drawMode":0,"name":"Shaded","section":"Shading Mode"},"sceneLighting":true,"audioPlay":false,"sceneViewState":{"showFog":true,"showMaterialUpdate":true,"showSkybox":true,"showFlares":true,"showImageEffects":true,"showParticleSystems":true},"in2DMode":false,"pivot":{"x":1306.525390625,"y":577.7691650390625,"z":-15.784984588623047},"rotation":{"x":-0.5710722208023071,"y":-0.0019718699622899296,"z":0.0013734328094869853,"w":-0.8209038972854614},"size":534.238525390625,"orthographic":false}