{"cameraMode":{"drawMode":0,"name":"Shaded","section":"Shading Mode"},"sceneLighting":true,"audioPlay":false,"sceneViewState":{"showFog":true,"showMaterialUpdate":true,"showSkybox":true,"showFlares":true,"showImageEffects":true,"showParticleSystems":true},"in2DMode":false,"pivot":{"x":2.4602766036987306,"y":9.25,"z":1.4855514764785767},"rotation":{"x":0.27441170811653139,"y":-0.6703616976737976,"z":0.2952720820903778,"w":0.6230005025863648},"size":6.214303970336914,"orthographic":false}