{"cameraMode":{"drawMode":0,"name":"Shaded","section":"Shading Mode"},"sceneLighting":true,"audioPlay":false,"sceneViewState":{"showFog":true,"showMaterialUpdate":true,"showSkybox":true,"showFlares":true,"showImageEffects":true,"showParticleSystems":true},"in2DMode":false,"pivot":{"x":-1.638841152191162,"y":18.120933532714845,"z":-10.175383567810059},"rotation":{"x":-0.33792799711227419,"y":0.05416813865303993,"z":-0.019483374431729318,"w":-0.9394153952598572},"size":4.207394599914551,"orthographic":false}