{"cameraMode":{"drawMode":0,"name":"Shaded","section":"Shading Mode"},"sceneLighting":false,"audioPlay":false,"sceneViewState":{"showFog":true,"showMaterialUpdate":true,"showSkybox":false,"showFlares":true,"showImageEffects":true,"showParticleSystems":true},"in2DMode":false,"pivot":{"x":1303.44921875,"y":677.1393432617188,"z":201.51953125},"rotation":{"x":-0.04828742519021034,"y":-0.01138948742300272,"z":0.000550581666175276,"w":-0.9987696409225464},"size":736.1316528320313,"orthographic":false}